Store,SKU,AvgDailyDemand,DemandStd,MinDemand,MaxDemand,ForecastDemand,DemandVariability,DemandPattern
Store001,SKU001,14.59,6.52,1,37,14.61,0.44688142563399585,Moderate
Store001,SKU002,12.11,5.92,1,37,12.04,0.4888521882741536,Moderate
Store001,SKU003,10.04,5.15,0,27,10.0,0.5129482071713148,Moderate
Store002,SKU001,14.68,7.16,1,42,14.65,0.48773841961852865,Moderate
Store002,SKU002,12.79,6.54,1,43,12.79,0.511336982017201,Moderate
Store002,SKU003,10.03,5.21,0,29,10.03,0.5194416749750748,Moderate
Store003,SKU001,14.63,6.96,0,52,14.64,0.4757347915242652,Moderate
Store003,SKU002,11.97,5.35,1,33,11.89,0.44695071010860477,Moderate
Store003,SKU003,9.97,4.91,0,31,9.99,0.49247743229689067,Moderate
