Store,SKU,InventoryTurnover,MovementCategory,TurnoverPercentile,TotalSales
Store001,SKU001,96.73998507091316,Fast Moving,77.77777777777779,5326
Store001,SKU002,82.03081303706716,Fast Moving,55.55555555555556,4420
Store001,SKU003,65.77643415425453,Fast Moving,11.11111111111111,3666
Store002,SKU001,97.6698956408848,Fast Moving,88.88888888888889,5359
Store002,SKU002,88.46475290697674,Fast Moving,66.66666666666666,4669
Store002,SKU003,67.10326823635724,Fast Moving,33.33333333333333,3662
Store003,SKU001,98.65364174722883,Fast Moving,100.0,5340
Store003,SKU002,79.76615646258503,Fast Moving,44.44444444444444,4369
Store003,SKU003,66.25274341580207,Fast Moving,22.22222222222222,3639
