Store,SKU,LeadTime,SupplierID,OrderedDate,EffectiveLeadTime,LeadTimeCategory,DaysSinceLastOrder
Store001,SKU001,7,SUP001,2022-12-26,7.700000000000001,Short,370
Store001,SKU002,5,SUP002,2022-12-26,5.5,Short,370
Store001,SKU003,3,SUP003,2022-12-27,3.3000000000000003,Short,369
Store002,SKU001,7,SUP001,2022-12-17,7.700000000000001,Short,379
Store002,SKU002,5,SUP002,2022-12-24,5.5,Short,372
Store002,SKU003,3,SUP003,2022-12-26,3.3000000000000003,Short,370
Store003,SKU001,7,SUP001,2023-01-01,7.700000000000001,Short,364
Store003,SKU002,5,SUP002,2022-12-14,5.5,Short,382
Store003,SKU003,3,SUP003,2022-12-13,3.3000000000000003,Short,383
